thickness,resistivity,impurities
527.7270565306954,13.013539370596622,4.587609641255871
511.52601456630873,10.73652892965385,0.7589159306162131
504.1299739895748,13.926210737206272,0.16157720727324074
497.65370152516624,10.110784264561701,3.543599572082835
506.1370043168374,14.08065082297643,1.197867082361343
514.4247497114932,13.592002491226326,0.5231707507645189
500.1370764761708,13.069436093753279,4.7735919004292064
485.5035336553049,12.743405562304641,6.694669460077895
486.42341639753226,10.859313079397477,2.7443136422501677
500.0866245618506,13.342398827641802,4.068535465132447
519.8060550002521,13.687148020130955,4.163362346488067
488.01077839461595,19.743625956389458,5.055732141369061
483.4375266250513,18.092917591170888,6.748107072627752
513.480660713868,10.76747062385441,2.828554634723279
510.21065223192585,17.289870558102933,2.965314141705109
529.7589497872523,17.246556908947262,3.9072730193242418
514.6679252376747,11.175089937924557,4.046321523013397
553.0780177183699,11.02517483324601,2.3943734681730793
499.65137781609286,14.892188903106952,1.3195069223798068
478.1914065201503,19.795125434629185,3.4897757476025997
512.533680605412,14.372192108666326,0.08400217366790405
487.08356108110013,11.354435909659436,3.942542000288051
484.03233914691964,19.274624041588574,3.7727863302062596
510.0266648273396,18.210875560714967,3.256423284155647
479.51970705499923,12.564052293092955,3.858373707785498
492.4825830209021,13.274022667284335,1.6798253527015405
517.4790498079072,12.519371824052875,2.8758100367320285
541.9120097825235,13.740900445075239,9.607840448712055
522.014118913146,14.3171778780679,16.067563875979907
514.1926954255529,14.574848957188884,5.184259683478295
542.732595081354,18.66060659636313,5.146544450176944
495.99761130240347,13.81226072504802,2.9354186618809095
492.24477058995535,13.490328697168227,15.439331495189768
514.5762969718813,18.96756268011257,3.027403299002324
493.9553103281637,13.16198822669319,0.5843590725995309
502.76988130714795,13.95155451734571,6.571608367249821
488.16831643334945,15.628396482160808,1.6089374403795693
485.60335795820254,10.990388487649328,4.466450900839123
493.90243684582794,16.48007021187638,8.050331986195264
498.9768451916259,12.125874085290173,5.295050397513847
510.46558949726005,14.13662948711237,10.850085944322604
527.0633057672685,17.73782822441668,1.709934634839294
526.1936361966958,16.381500406023953,5.187510717467153
472.7766483751186,16.07055105708901,7.061697797458314
514.0837673635504,11.307836265846618,0.1003817921035413
476.9260325804795,14.211356033615028,5.152123822766863
502.55898866077683,17.695619807069782,6.4951898525140646
480.2250603798575,18.709852566888415,8.804844013105903
464.5706730277773,11.593326472536697,2.569303076413042
510.4014593649607,16.342591286410748,11.51077329027119
514.1985908277717,18.84862470212266,3.2533823825921466
482.46371748999906,13.758725228816967,7.357079031110509
511.4388876330327,17.269880602407277,24.863212197706417
472.88230380698354,18.356781792840795,1.5184431210187244
500.64579311489575,17.047656313443262,8.038840898017872
512.2134050692318,19.27215065635122,0.513550180924748
493.5224980083549,18.32938985900066,4.150321938133576
516.1234172233989,14.701790389209316,0.7350813066213345
506.5703587196867,14.512844653588147,13.261574547492112
501.6465244559941,19.400432188604874,3.880338343355745
485.5206019603856,16.476291570210993,6.82625921303699
488.7845174017685,17.948702636760796,1.9484676521615563
487.5313390134375,10.607272881637153,3.345314443144238
479.21488827659954,11.786869955997867,6.887989220904375
516.5091666041128,11.082521064425197,11.603084738033928
468.2280727763439,19.692532434315943,1.0994842617320335
507.10171469512795,17.33803730073773,1.6419621483794697
467.3739850902049,10.22942773581492,2.1617967704801275
509.643106544776,18.89748014746553,7.09655315345246
463.9050927471669,10.681688577556988,0.6020339485849513
493.26316918225126,16.28950433480343,0.5729230584282159
524.4931593927781,15.497466376532007,1.5001339209089726
499.8508739526448,12.946225090903255,0.6176073370172779
465.0575192698836,16.045072798660982,18.032050006884603
468.0762702822891,10.828431753096197,0.9492435662323
485.4216863566314,16.903127522336444,8.479720949098757
501.0222841014816,10.451723692846858,0.39587665721519383
541.3329934193641,15.473172610144935,1.8339508719030704
496.1316131761303,14.983057290506167,13.296478611729336
509.39293007703327,12.981282979716301,3.7752188634305
494.96067845411017,16.13924961891297,1.2860601738791555
488.582471839081,13.70772871636211,9.404091469661148
516.1325022173427,10.074091002429965,4.963155215798608
540.051115861416,11.42888148831936,1.568484455620454
501.14807652221367,18.743784455846647,15.735610938775677
510.1634744782819,10.492707099531609,12.564739526197279
488.5657531693493,11.575674182534337,0.8026047270474532
476.06828686492804,12.443859465124277,11.988355821390844
498.63694024255227,10.899940760819293,0.8769593133602621
524.7277916541327,18.940763545868464,0.3923694953026531
511.262928663415,12.092719418312807,2.9801198524338313
508.52347746218754,16.94729396442258,7.953579499004374
513.1721155087693,19.095956718545935,0.2520920177573662
527.3789814794147,18.913055141508046,1.9078727725367362
501.5086618912687,12.605624496901356,8.833921946753776
481.93490303606933,18.11330549822942,7.321144556103162
484.16196705632615,18.479949877726476,1.4420388073388155
532.3308665746831,13.380600769566598,5.454623636705172
471.9021524292603,16.18332199330735,5.4305554150887065
478.48016972775406,19.097399094652754,4.493950680584266
528.7513761502155,10.318095495371535,3.3782627614815324
526.1623347202972,19.87093805544604,2.2638116622195437
493.5116546147165,11.911429993291968,2.6057852372612302
463.1644487865999,17.784782475130775,5.448993169353099
478.48480440425664,16.32571042327655,19.059505386930027
514.8556422544084,13.376304288499973,1.241610715180865
502.81769617672785,11.26875442988868,17.898512456862168
485.3068236351716,19.263564182011784,2.5685380097880417
513.1064431211332,15.2134858348828,0.12572906249333846
491.86952876449004,18.66629061506305,2.431052456141218
497.46513227891137,18.843933760992197,4.009776305114255
519.2407557902276,16.558436789292816,10.235314584122024
496.2121675474357,12.25030630515075,6.627265891789335
500.20782661980843,13.330232914640572,14.757227926555307
482.747143124161,13.135360871755921,6.2604112094588595
506.79031436266337,17.243861047385955,2.610884356352141
472.5457788368201,12.78703685346944,21.894317270209
503.8991385478198,10.689645085080379,5.499648952196288
537.8858082397448,16.72265864333619,0.8766927741000897
481.8630565289342,17.515709051732447,1.1935145166010772
483.1377623733401,17.617021060362784,11.725407208578908
534.0560059101131,14.687120466412935,4.459912771866812
504.43938895602867,17.644868388718677,3.7144625790071464
532.0095383198206,14.254701728029104,8.353094735991109
482.5975620820487,14.098977959784005,0.6742076732860083
516.0707314436726,19.153778913857444,7.1363759028373135
510.93549612320106,12.597925870805145,0.6412987206926051
478.0432284578082,13.120049187354432,2.0378339153765817
509.5314009608082,18.650818652061393,0.9923438769271529
523.0613486758973,15.483532462140282,4.484502838684382
505.7037348769884,15.957427619699903,3.396432479544553
499.6142386600913,17.174969210786728,2.1302428783120915
482.9396776812735,15.46287445862922,2.2171791263396816
508.55754231072837,10.93041744698133,0.4704965460910183
514.7150913794218,11.963308117994146,9.42746440532439
520.5854750700499,15.089402584410745,5.185087957825333
504.2269375205165,16.231981933443446,0.36817894925410954
475.80284882509045,19.82856545472128,5.354625845656743
481.40371098001503,13.988278407841523,2.994447941141933
500.3923799978211,17.821904874495413,1.7123758809113632
499.2618527186462,16.7787402756773,3.965118699783404
508.0326966109637,12.98554552534462,0.5367829182416205
521.8719142071598,11.851158636641197,1.5988638514865356
484.3108185748882,19.33298613160993,9.190630586019545
500.75944486743794,10.820909885499185,2.6088012883989316
514.3529526573213,14.395579376779455,8.027014177093942
531.2810350701194,17.35400129280383,1.5871508061536175
494.7949703580838,13.340093130047272,4.802671501296948
505.55936751103906,15.687465786854245,5.592938225333012
505.2779284308008,18.56400400247486,0.5359594601739938
532.6944466511919,10.840875706532131,10.494046590860407
499.02962370229807,17.536482860257955,9.291124069523933
514.4925977734404,12.4436135449891,0.9301095419051744
517.9686888395639,16.19875270874037,0.19602601443515533
510.9774116053826,19.200694469229976,0.06587015615195195
503.7445599771919,10.672007362124727,1.3916474369266965
472.564420327295,12.715972222226846,7.554984441426425
501.15324388825013,17.508297605188854,10.686814947554723
494.73950379667747,12.936524562666218,4.777587378936489
466.70854693136215,19.66313784152569,1.2657669869977375
513.7687294950144,18.682081428113023,4.441658420212555
531.5853897084776,13.123603121565157,2.26561118936826
530.0023039761711,14.119870781064654,2.1504132315526454
518.7656132713645,15.325509352673894,3.956355723175393
456.32951057350084,16.348777320173845,4.001187988358575
518.3552075500936,12.01745336572613,0.22094430632985812
498.0892926155243,10.476257505403476,11.815864519114621
494.7682876939334,14.419494447003673,1.6627128147247314
511.0359963592818,15.013093089798923,1.414316644517091
502.32962777028007,11.298548838138968,5.576076120275851
486.5515824582968,13.564430594018805,4.003065565272102
447.25122404387844,18.758631773899126,13.908138335317338
506.24404940956555,17.34764414377528,14.830807987551944
484.6909963403988,14.696715368764647,0.3057722571844356
493.7214489385547,18.186921133945866,3.1669813983178736
550.1595547224717,15.813661898315377,2.3273282219605913
491.1995820613623,15.715368313757471,13.20264175216387
536.0289617775967,12.03454115315516,10.039920286355855
513.5605051298706,15.548836023623316,2.6266099372654317
511.7583118299529,19.85325959961598,3.52662111294911
508.1601659515336,12.629831857269906,15.832861533770215
508.12943958298445,19.948828618855682,0.2006631977785275
461.34966721224384,17.521393416872066,4.434677124521801
515.1310837143443,13.8148402547913,2.4453981374919374
530.931698499993,16.04058506810947,2.593289258732235
499.68108088208913,12.236551560158912,7.489047294554759
476.90839643352365,10.201319557992091,6.563433127880007
456.6368955444928,11.395765310943432,4.777263029369621
529.8149578154447,19.94136516716063,0.39446942787674955
484.1652920509977,10.068760224336057,0.7028183141666675
492.10185942352274,11.447977039168599,10.326563085645716
480.8608503053962,12.832605534435476,0.9922468989800804
507.47896673942216,11.085918909838849,1.2465086260507185
501.8895505038819,12.495016978254077,3.285528321996336
480.6587211108001,12.097463766504388,8.132046380298792
505.89001542315816,16.457997302473032,24.537359897740743
501.5063302047337,10.480072537768052,1.383100365941292
509.1946693390484,10.24980462615776,5.286893606140951
492.63762163802124,13.954459824957038,1.0078221656184734
492.56173714386426,15.935907424298225,1.2399669312447907
522.0707520662247,16.104105289270528,4.199192121378278
503.68330307172346,15.87778202193546,4.795998237499156
490.4419290301899,14.0326571614912,2.700104987581497
499.6048081520685,16.045290151459803,1.1462961242893919
492.11699860424807,19.60798046546853,6.9931869178153665
509.6860746711305,18.76630757846835,19.555254964863714
518.0299719046171,17.940145773674196,6.591945722039308
502.81677124307714,12.898876498746077,23.606281727410632
509.7125553739367,16.68152853138335,6.136917607931684
481.92465260478355,16.886203439247257,2.7831090209048694
503.1461461060615,13.323329527505472,4.122605845559455
495.79010712631907,10.571501792488437,5.959361667607199
518.3070010212112,10.646243105573594,1.1537666923680288
513.8704979666804,19.58785119183414,1.674563529789018
509.22346465296823,15.835276150324091,4.375293796904679
517.2534683580784,10.43457452067535,10.906029908763275
458.0465698167581,12.117376231998305,13.485193254350508
458.0226741340847,12.618900961380959,11.424026047525135
531.6390001262827,16.391819255582966,3.116558199895305
496.913679098746,17.023187065259595,5.221500659539375
488.80489321055006,19.816071833370415,0.4873015646827821
475.874961542417,14.474677046042004,16.232092175773268
504.04182362155166,10.410341197991402,1.439242274855415
540.5622949431181,14.791651102727888,1.1004769090067048
518.0959373523921,10.301753783416746,2.573820245564233
513.3196793226272,12.06849642572268,1.2646099705223954
496.647973151984,17.621165704931727,0.7604676317884924
525.2142402812402,11.758013637888922,4.39172175300936
514.2416388836086,12.860447011265899,12.249022372922697
480.7227743023635,12.500926558195331,2.150303985855369
479.14188964017467,10.946776847665635,2.505183837541649
536.8382003456005,18.008179417911705,11.01566298787263
460.897567593656,16.460267672869822,1.0876635299393755
499.6214131541904,13.545462186352406,6.656612060601645
488.11271493974454,12.976555080536682,3.5081949939149633
518.6200728349096,11.903729415214208,8.4044682485981
477.3772027230508,11.092493418067233,3.3483426370556697
530.0163032271463,10.520793860048592,13.157535297566906
516.7042150826503,18.121133203315775,7.528652830948785
509.7863572559704,11.299928682084259,3.212186524350365
509.87066613346286,17.980831153753453,3.487104466084898
518.6898744542242,16.239567576004326,7.644046943938152
473.68449638702106,16.54161784204743,5.3509578481512605
489.46559003862217,10.831544307919604,9.626532561044575
491.3945399357252,18.197215644192717,9.046753088733778
504.4636533056665,18.845229008976066,3.74722449643322
456.34000592516645,17.77479344257989,0.22768152508844938
524.2534716832112,18.991485133662337,0.9627993005591745
473.08244085296934,10.75826242455234,14.399548416315966
526.3548570931627,17.316562041063975,9.402889503657043
506.2904612973132,16.190493752252046,1.7337740875795644
485.07164610715495,12.05004479918339,3.295831332381768
484.1212798720696,16.46592836258555,0.7726906327826994
510.80929662222263,11.463455918129101,4.449130830699142
534.8855471352113,10.720396348561062,0.9644959015096899
509.5527985355628,19.47718514801045,17.24269814733844
513.9827269924439,16.77402222686687,6.695950973465154
493.3538781093154,19.071136830263868,4.46022144257429
486.0917973657865,13.789798308013012,6.939087865892686
521.2312814271271,13.492044528586119,5.418060861934717
521.9671065614837,14.496486604583591,3.5984597593540055
512.5981397714784,15.643272255924042,3.607738088523022
499.95226865287583,11.456764349143375,0.9529743265636443
486.82328857121075,14.074776178142711,3.611085157060927
488.8380309958993,13.463173319065364,0.16450927112526995
500.39690994170525,18.32272846037727,3.804421028460877
543.0233734613231,16.36722889505129,5.13936283152842
506.625061534855,17.0843653943408,1.4275878601952932
519.6470794528992,19.282625825964296,5.885271815755216
517.6209218789955,17.889139993369326,2.1783041194532036
523.2380985687678,16.580039704941328,1.0085861216910406
494.80467860734115,12.547360912243537,12.737263018038124
499.1058601600887,11.7866654453,7.621649470871406
526.9469831950198,16.409570181114592,16.853903453100727
507.4683703356338,13.793339318002753,4.501899701777803
543.908545632467,10.819449252724047,0.6539263614968177
464.11569878139665,11.305161582072108,1.11726023845637
500.91032700458516,19.224665667926125,10.257050076436634
553.1204695744254,10.197782387347532,4.3958548227057985
475.7010837782358,14.038870152115239,5.868553144921855
493.84338238890643,12.381085857649357,1.0859370904760839
525.660248884637,10.123994311157267,0.0010812882421831055
515.4976053969494,10.038400735066396,12.102071654515083
497.6352188896903,19.362206716560813,3.1986817403779515
496.89247705776046,19.422691951395592,2.859953655685003
509.08796511974424,18.11034946580348,2.1711846509107917
523.5146252915481,13.180638383796108,8.36485779572003
468.4432811970797,17.38974447794453,5.860014712102318
533.4075664839365,13.245882150996458,2.3305860006976267
502.853010637966,13.441062228818552,4.684330049061252
517.008513594348,15.562184951515952,2.2952095960251135
531.1295807161621,19.368049593011214,0.2464164184826304
506.23146657710686,14.977908098733216,7.288199328010515
492.44210190204967,10.281802657061892,0.6974068775768931
500.19128973850843,15.887909401531513,0.6523886569969534
504.10692789325833,10.342559600431999,6.582416539089918
470.5808645547219,12.883608796375018,2.1731190758742853
502.83734138502814,15.0943874652668,2.75579264156909
507.2134819807242,17.022753257207103,0.8857186118339831
487.780526259685,10.57903745399156,11.653671186152463
491.6339175497051,16.55045701583874,0.9141069936316025
501.62133463620324,12.193832572737175,8.452174232419168
511.9704620595907,18.295051187383507,1.0306251891521754
524.8940268997583,19.316124576880895,0.38644735126881735
501.6140379260405,11.810877617963587,4.970093828620417
527.6437092771448,16.577647960695046,8.160440957943946
481.4812828778962,11.379690346099139,3.1893170402243154
515.4255758546201,17.80079610601714,1.7764099729292075
513.3796818145983,13.091501728728906,3.0414685723969836
492.93314889052806,11.38048970416902,2.4919455827037345
504.4576880248959,14.044576121791,0.31224337391005724
514.1948123938528,17.132694436171917,3.1598843177542655
507.52025709567044,17.837288861278733,0.4793226127440552
498.009829865266,11.615936993923745,0.4074405984892494
480.313109225673,16.64311842700588,1.9964556143577663
525.8299973586834,15.714438101190584,3.8724608527930906
509.4600708424101,12.4056040109895,18.855821332713262
475.27669152975125,14.23321583590547,8.724934049349814
513.1590003988917,14.750748339978138,12.21496710863721
490.34108609578243,11.949717736006498,0.6810120975200161
469.3365686844169,11.095816450946124,5.569447373639824
518.5549080078389,16.688777087081327,5.759625286015083
550.8124051495905,18.63344425164757,1.3898993420978605
491.5603223843572,11.190824349103366,0.5806378236683898
505.5557750700019,18.903596183294695,0.7400781474236824
504.12686058755014,13.850966848200237,13.48885069346536
483.6093365397892,19.829123650548507,2.3759731231994468
496.24724328278666,12.054617807993136,4.41818478627261
515.2598133582295,18.435313510293604,3.9628124804999576
467.71983238670487,16.20249612992038,2.1233016862733143
499.37989497393863,15.677711652008256,0.7956627749098755
492.5781559123916,14.324752122280827,1.127894834281526
507.06275077622075,16.296852892014492,0.7282396716059074
518.661076984089,19.713718599933394,16.858534841229886
512.700330961255,12.554735207987699,2.1659563899973096
516.5505035257838,13.822730131369728,2.7019484722260367
507.7869994112088,15.939154512007024,4.455293196236558
496.12228446159554,12.871969880442078,5.284902042672252
536.8984024163684,13.831013848512002,1.387054721268027
490.47276622155294,10.405797610899228,3.0000400625872508
464.3049968287253,11.228675817187575,3.7321782891195427
488.4016874694478,14.623315843142965,2.0935197099733975
452.25336647738874,18.840926160052042,0.2199831488932402
517.7933571618656,15.023646663728705,2.2473249678395515
518.6618001522564,11.785385273772459,2.5496322838963255
501.9291020334864,17.19681611080692,11.251108275416248
473.57019588109995,12.428564070407173,2.1683949168353838
525.8181183565649,14.463146733595494,15.015854581102833
498.8016401695965,10.59081160541847,2.186037723019977
512.3467249638526,16.27591717472338,20.494906338573063
478.5214966088629,18.041178427934497,11.822197391620433
525.307610372998,14.703911047483363,7.919566184771343
502.64698553905555,17.42584528594351,7.673609828794499
467.22723752975656,19.730814664912128,3.578442097742961
467.33769172206155,17.271323751744227,1.7904615761869078
501.27423977312736,15.486404854909889,0.38940514227681766
491.72004932956514,10.368154854179114,9.653268127398059
518.8420017705722,16.3842497492275,0.7484485111858574
496.2592640019096,18.350528495397526,2.0060254766094117
526.1257505811355,19.983337633584547,3.0722268189010498
511.29140928533855,19.069004386694758,0.39990508392739366
485.38311359767584,14.590009062432856,11.056697041057529
531.9360873531251,16.34905103041039,9.13803938472758
488.5989176694222,10.035572084772987,5.4151751009554125
513.2845814588682,13.581009172505347,0.5960625954553023
491.17821197707013,10.50548451830995,14.43595303447449
493.20804563700676,17.393676613984155,4.031549735901404
536.2999006097265,12.486536645572576,4.818656826061638
457.4463051097354,12.495338281682987,4.924798306715948
487.1105610471705,10.24817326619707,3.1723512232360873
495.2564814354517,19.224476081150314,8.390870099399443
490.29584277971634,15.360274887840202,7.305882915525139
555.0032211923981,15.095925869783464,3.6131737370132737
500.7585573688842,11.345132087419074,3.0848989515279635
492.59464783064874,19.98268535220724,10.930868330153253
491.69077759239457,15.692750609543896,20.766241081190245
491.45123910355954,10.735600415851401,10.564373932903086
504.3150109920589,14.154426506993754,1.559122430075555
484.523390896139,18.462948824594676,5.05202180771767
515.4454268675721,11.258597876885773,0.7938934515128826
500.34703737853914,16.269637153230157,0.23866316509445917
522.7080775939725,15.786843358229785,2.4929161018611086
516.3362714381223,19.5788452643762,2.7197047383523216
504.31264986937094,10.089950955119132,2.9392950481332143
512.4848093133875,17.437844390459027,9.76565693238896
510.0616641752339,19.150640313034035,0.21370542793499991
499.09464143871827,19.299359422807452,3.40623440335643
534.3595548292585,14.171703088238559,14.456664622542455
484.9451363474893,12.002265406905432,0.05669134932425027
535.5354127552885,19.19593115468585,2.7837169712250596
526.0047433685213,19.69630117956914,16.01978817200262
504.05028008500943,19.218614480180428,2.6012733787556472
491.05414358479845,17.299459475223284,0.07593331632151726
505.0957850540618,11.563648460051697,4.4730908009090635
517.6322475436745,12.131624125953909,2.686856821795456
489.12323746727463,11.538481069420069,1.5059011911183926
496.4267484357524,13.583850179975688,5.548213509275993
523.5071314730795,16.583526709184405,6.337263365715835
518.3609248969761,12.309910886839358,3.6148935951971457
517.9466174794385,19.64886923893008,2.599884683813267
478.35234309684284,12.69015561885892,12.066934084488093
512.3855621431297,12.813520777636109,5.724591982627672
491.34021113349604,14.919907664030983,7.550615320571507
552.314551247763,18.009387826341875,7.484277554069838
450.5702168009548,14.948720013834183,30.35156062667314
464.5704590853479,18.13624907547269,2.66752762832571
522.9969268083759,11.830856594439505,2.1403026217370096
524.8321244960862,17.265228027598276,0.19741158123412467
507.6366886578977,15.305013380518758,0.22975348365254633
537.4209310632864,12.16586412518152,4.969570520665074
516.2187999228231,15.910528562125128,1.140598252783716
502.9878594178169,12.97423604592911,10.756215416527937
528.7076871553336,15.532515726418026,6.168243697611312
553.8946264035055,16.145922041966976,1.6935795331638457
499.97098785788415,11.665293432627806,4.490881281972906
518.4975202282469,18.381373864679045,11.880280300249964
493.32764902000827,12.11604592140116,8.254021290722854
495.1287232653578,10.12308043621345,2.1395886279646437
512.6899937404443,10.766936668780215,5.1528151273597995
481.6331706585376,15.215799448489449,10.207311883430263
500.37381585114963,10.065834827763299,6.565780582531042
523.4370515626129,15.068167771721031,2.4497437580372496
507.7111920809428,13.505424101902436,14.319105581952043
523.5115569678212,16.09015897750748,3.1704793572653656
496.52858334729774,12.941738708765829,1.003997240807176
476.49967485625376,12.655478420062291,4.713115992800157
470.0253070619175,13.665218870427807,6.933551860540193
525.4775904706024,13.147975308815917,6.676256062774355
505.87640496858444,10.071029761210076,3.765367828332385
478.75964910267334,17.37085538430895,2.7323202604605834
530.9480942628819,17.104059950814978,2.5362954077488755
505.8991005995514,18.29622383479207,4.8242238774016
518.6954390150694,18.787732123917877,4.154546018324481
501.8113328029391,10.29938174880931,0.3309366910410439
509.87669247517056,14.258990514811096,3.3158195501989116
493.92287580680744,10.233068501984274,12.43370484072435
491.94940192759225,15.152735897318049,2.06540181868185
481.7782113470764,14.675919949433656,3.6192464335456824
493.7332372264423,11.515678917295848,4.69009558970836
486.18880508681224,12.497775699596243,5.361237225886645
461.09330388072334,17.382617541189997,4.287360321136001
484.8166368369849,10.761845927522955,2.0204780091241634
488.6468905675421,17.930156963911905,1.4753097562956874
497.84219997922236,17.117366864778425,0.4611072644901823
502.68313040781806,17.858855995667028,6.702951509867209
551.2170380821602,14.085917362609273,5.593700926991189
519.5204298370868,18.41057084405776,4.3816877085301265
503.43890068808605,13.435006983134869,3.61030153241158
513.0734814208099,10.69238835764904,5.678033698879375
484.3793847323166,14.38315067511256,0.23455038258865663
529.0933734662194,10.596191750045698,7.4892188431560305
466.7621626523073,19.1673910445026,7.4097402774739045
495.99728565557126,10.122181800485436,0.27964334046316236
513.4062535241974,16.617646559225594,4.135560860370962
516.7771686650906,19.13668811982749,2.327342580319913
514.5799403616808,13.950682941490847,1.0547644647672552
482.0739706933645,10.39172137873187,4.590463930945543
487.3188101490837,14.574645061411008,2.517988531282787
499.02229596185407,12.87686316255596,8.225797737062312
501.40845522123243,13.516314632207251,4.362615677031615
522.7495476814994,10.964167955720537,12.940917319769781
490.1758383155717,13.378197618844,1.2104376084301798
498.6552004243135,13.905035192609127,13.47253143089352
503.07212723179623,14.653422038666788,1.026941457799838
490.638738691841,12.658447796084644,1.5173643798917655
511.0080913827746,13.296143834513153,2.054569098973184
487.2953044188177,15.849417145075666,12.432366585360734
495.4901418154408,18.34672594441286,14.409504683907745
509.33601007411886,14.286896541368701,4.968727756312789
478.2554821977845,13.865604955600428,4.669364964375238
493.7820404512882,18.74955763760456,1.4005949380180007
463.4057090889078,13.00514124357225,3.920617655575928
525.8668488688481,19.372966463920665,1.7923994611095981
466.4517468940012,16.157443940607493,8.092668966092596
495.7794979151792,11.878108458224016,4.386699655401081
511.19091185186284,11.426339587522493,2.9258240071042794
488.0740567801209,15.974239249098147,9.89689738731261
508.3992884869625,11.001569146643739,11.079907131388978
476.98847072417533,17.09637891008221,1.282594813303064
490.4124606997277,17.236008169778394,6.491395116891391
491.98204693280786,13.307497426633706,1.5853792896035046
504.47853691635595,14.217507363565007,1.6510911563138393
491.3718900461712,10.298683945534691,4.50109669882632
513.5019354934036,11.62932968191583,14.176911791159139
496.29812984780614,10.878196864450679,5.736854685262367
509.56040777123314,12.733047693279042,1.3482805226417958
498.66640716740784,15.154546867881688,6.3174824107243035
516.0527692959282,18.07226033347056,20.095249016695007
501.928652045016,19.358905768425586,4.659689571576765
514.6208536595884,15.561955829855183,5.656428080737413
489.2331092305844,11.788554127714614,3.1073872814842503
510.2728157631643,18.684512724060056,2.952690355034343
527.8662408182195,14.271315725449593,6.639971011598273
510.42145698575285,13.515433128347095,1.5217687930490724
518.9865944744294,14.636635441677706,7.562539825299193
516.2566854860793,12.240833127041174,3.312563892020211
516.18568313674,18.496511450452047,0.12515216826332656
494.18206779063166,18.464530707056305,0.9988272264125374
475.7980904119491,18.20230569618109,11.825709555408935
494.80455332722215,19.04597153399242,3.6519230544674453
484.5414878389838,16.121404717333952,12.080089197035559
500.70009281350093,15.029392698140615,1.4352802403954228
526.047989835213,16.84882695235624,4.817609704147679
497.5859431801252,15.205148254446547,9.981990808274428
509.5664925167363,11.5600651343269,9.373979078237271
499.6574860192405,16.986918552622576,0.23937641925983177
493.2932325207376,15.188583363137615,0.12755427962715737
478.4773034367813,13.678237053223633,0.4310320567734869
517.7981881290981,16.867238611690418,3.00907237424188
485.1104872665206,12.971890435846365,5.591286412843584
573.7000748972368,17.507974838568643,0.15687490034194976
508.1534671042284,10.941012368126408,1.2230483147715745
476.5378077065802,17.274654274882156,6.310781582475783
490.0421490039095,14.620389106632368,3.510686250573991
537.1452137215763,15.604360283965406,11.432762384493993
503.8347481411849,15.798871205528082,4.350574071133724
495.0497876404281,19.693503511006455,0.20731836016782718
483.40654255728145,13.819169618583873,11.902996139792815
525.3402437278356,19.76830139060899,2.523246218403372
520.9702756064793,17.81077753586888,7.3872656375088095
529.6185518689938,15.392043881836226,1.0190474878416944
507.11965419621623,10.012373506505304,0.9872028106441446
511.9782642739204,11.770222412659301,1.8793460582484225
474.47957526061094,12.877409116221397,4.047658021943683
482.4221914923965,16.720143204336697,0.8421647198199633
513.0301242124534,14.097273512358806,2.5881133648858325
538.7328690113334,14.438743805701112,6.999542785870057
510.23107407984384,17.47682922436123,1.1527219742509454
476.2956056423611,17.1713467846061,0.7834725598345869
527.4417718564102,17.63277236088657,12.60622177311191
492.3870741866184,16.321343538028366,4.757391392346001
487.25468936417394,16.6924458628582,2.455446385568139
478.58120235274805,19.20718566882087,2.8076395495572086
487.56203669256803,14.098792870440978,3.069032187771288
510.28088554286893,15.503850893976505,9.252807469624793
514.2228000674895,12.86072499962933,4.435292151102381
509.66625414186666,13.094570463083103,9.85250186243489
459.87675913329616,11.546243581657405,3.903475455639648
471.9881878295905,13.56511963502242,5.540152781885466
514.8811950792997,13.254603293164383,9.607937314071712
490.45760347733244,15.24218679469475,1.265479248271375
529.2157116441514,12.5285453425777,0.6506251464703529
489.5393438191092,11.944797293416912,3.669884058095294
519.875871707472,11.606312470910625,7.767021817886679
528.0734764778534,18.621162999560553,7.730137544876737
490.37787871062136,19.01378500916016,2.566384407995142
502.5810435504925,10.662929114072785,1.5758446735712264
502.35910255057144,16.476512233951944,10.68879163112359
517.2027105412102,15.29249060187242,14.103255042162115
496.80616395805663,11.775705599485256,7.854472445082525
500.2059400444474,12.40880152330002,2.9396131369059173
531.9781764539407,12.169728383897702,0.06786378779114594
496.7093968839808,19.818827461980725,6.981829330138618
517.4167493956692,10.409955342041819,3.124309916400427
471.93237415507286,11.613883812731459,10.457807208879435
517.8428122036655,19.127293478176156,10.872620285231822
480.62849505325283,11.055126895452176,0.9162120534684891
487.4306657879719,18.214197764565544,3.068386258207365
489.0870877022696,18.509025872818484,18.21847092381234
487.44477762847794,19.510948143436835,0.31378520048496217
515.4689699496181,10.62620882856944,1.2262665142736435
502.13076600831124,18.714236815502886,0.6389252599103422
489.98203931392027,12.948646964451566,0.9737494995246416
532.3470535194606,16.968100366614696,2.691848299515046
527.3905360629287,19.23736085519761,2.724439871308622
506.5845348467444,19.819128824900638,10.964818219143456
459.29696106123095,11.914027815779939,13.660533803596806
481.8043022837971,11.941252418839749,5.647360699557461
505.71445305499793,15.621445412927596,2.9899312441243735
511.2444048510478,15.798277289413223,6.799892887751118
519.8245474577897,19.57947276191272,8.694439255567262
502.68068802127686,12.736244297380185,14.09109158571832
511.73705222453236,15.618921201739573,0.9785124694450542
497.953221911915,15.396435173059048,6.256490656122469
502.9233059167486,14.961139311282437,5.805884191059318
521.1334827127658,11.996065021403155,10.066564535551903
520.4260741779439,19.486037007187242,5.4008339771401905
501.56561867183694,14.563725236489693,0.7005159545569783
529.6256717705146,18.586921961465507,6.188593552122557
528.7311212705594,11.691327987623453,5.006789906527499
513.7024684069203,17.536361039734608,0.06965523171338722
503.4938625716111,18.4027322691247,0.5868100502808351
546.4548786988538,11.202316050110706,1.7393981045297773
504.546442630248,18.230949211783148,0.7460905857320431
504.76566756928594,19.69454754705707,7.017741831035581
509.4019451821503,13.980378715097272,2.686678274459582
482.2377177384792,16.98724357373932,4.096909154700113
513.3687632809011,18.284838439772304,6.358086828821231
538.57701291167,11.820034307338107,6.9275470271907045
454.6958689144532,19.456289598688237,1.0745092651587567
514.2721831738958,13.190087062782418,0.8520450044932727
509.69801496545256,18.437186893473097,1.0315281075813993
513.785070566967,17.25813345149968,0.24319261684816057
469.7938038658564,16.458160616636334,2.8679869287232767
529.7618585283699,11.281325271122157,3.6443553925338095
509.77884105963665,18.942869846211433,4.802652193488971
545.2500815422934,17.98227621896184,7.97557931388774
474.2694520945188,11.878514616794945,20.508203637212677
505.7905190286898,19.202920189370865,2.1189846590939614
511.5242347351665,17.76162083675093,10.829878574964358
525.6369211761353,11.419438422863113,3.5822204264047244
513.327322621241,11.452094042369168,1.3676560342576543
517.1393303066584,15.671164831145468,13.412294902964408
504.9354818159605,18.9057702043612,10.85909362731562
539.1412902254953,15.906907281347316,2.408802726787423
536.5791461227103,17.066681885921135,10.412595228556086
474.67894570153175,14.807210576190776,3.70761593856182
540.7472454481344,12.00924975277333,0.07406771053798147
466.02944943735935,18.818936455379863,17.88335529147015
479.60031459018956,18.980314951548326,2.7560118824345174
466.4864780892311,11.665350505636905,2.6977668030403463
497.2974072751121,10.589284493786517,1.5939751395298896
495.3005710633727,11.233149856181422,4.151283925312155
513.7546711418358,16.66328053891413,5.825553909242731
513.8899237317593,18.03737916223259,8.721892594301714
511.86404169132675,12.794876528690633,15.328939725930116
525.6466474917675,11.167900776601035,0.40156282364595286
441.4444303610258,18.20554366844616,3.9569829145083397
507.78029416870345,14.431272666524462,2.6225850510596627
479.1364301633687,10.724602443208418,7.639710835413335
531.5716046344488,11.087091237332677,4.657112994889951
501.20923283213233,16.870241597392603,1.1566151621982763
505.37171897484046,17.195701669767345,8.396967931072654
482.07130798064094,10.487087225227175,4.552184742101575
498.2881381156419,15.853838107789286,0.10059115605418845
468.87109240665603,19.79749776870027,21.78900175180874
502.5496637658519,16.64357545002985,1.5917028891077805
517.0234280143651,15.187110702835504,3.816443849709434
480.34758989579245,16.38568615957735,1.7802345198428127
494.8414857826021,13.9748321226517,2.4827004739858745
514.3667783481058,19.423005924152072,1.09294385513866
494.92158739144713,12.551388644431924,2.1192055880083576
502.64510505854435,10.163026301187305,0.6906698988666781
520.7902400632242,15.674684330634458,1.0586138110358103
494.5121797025168,19.848723715522333,0.4210227562917835
511.2154072694942,11.906642993226974,17.35267303536663
500.5858158133978,11.217357865236542,2.6254196925175135
525.4133734278403,11.550861827096872,0.10914489385066618
507.824413580176,19.901293531033783,4.505140239755346
485.2049894581025,14.07749178046637,7.378004772856248
512.535754213773,18.853573360803168,4.000588997542985
533.5338307796466,10.463504875279122,5.386360218497702
481.6153565384777,11.256568800138103,0.9928212070982111
508.8476770156471,19.13283908494029,7.141832422500145
513.4841482767232,15.868335199273712,10.684844004921034
486.27169281691437,11.09007108351829,3.2675462652243334
519.2168367603055,11.261154668694038,3.670446173578809
486.428536606348,16.781260231143666,0.05381447359273418
490.97095631863135,14.995682524937148,4.403269752984968
535.5152426287536,13.823894757303913,0.5310669495805027
533.7342314166073,17.752456186302304,9.941104936022235
465.04030120815696,13.114571984606842,7.509406715621907
469.09707083716654,10.614488738786326,10.980846383616022
490.9488093718207,10.070181825762166,8.728979912018396
469.1404763564769,13.58715960572651,3.2444170982311187
502.91678038798176,11.017189143366071,2.2912781162733813
484.9448744768269,11.92832382457934,0.13440675665734264
507.9530675880982,18.841572304995893,5.114289201284393
535.9378257810955,13.210861506410195,3.224997363321637
517.3681590628656,12.796771797926281,4.0911235909227885
487.787793216235,13.728059877555761,0.24155289072255612
484.680069082547,13.766152135531186,0.895777505336358
504.2710466330301,16.684154709285146,0.3897729560727611
493.7241990383124,11.516215819016683,3.426909301408111
495.57190751899077,13.202622764895075,5.723496064806211
515.7521538969296,12.97395549258233,8.693478577937185
520.1970512031513,13.695921337954015,2.115254266364281
478.37493171497346,10.40207738712721,9.401495184476424
535.05875773903,17.675113259873385,0.34742343246609575
525.5284439951831,12.999713196976813,9.299142293135418
531.886293789718,14.156795074775617,2.0066653278272133
492.7423082970346,17.726379075784614,21.42710859086027
454.0547551969317,11.749159230571802,15.957145130989748
541.4822858782475,18.82116108637835,4.00301246620461
457.91672038662836,12.53753358678296,4.3154455274395485
532.4395608256509,17.76881402123218,4.622674526519074
499.75761394770547,18.845609054315055,1.9000381667358457
506.16184117522045,12.675976554811676,0.9564363045119245
469.6806524608543,14.198972177486166,10.634601916711617
499.3607359616302,19.552968647940375,1.9340398457309929
498.3396355043243,11.490661705116937,2.06145621310189
476.80056921761417,11.049403215480561,6.627877889947603
495.0462905568086,18.629132915601684,4.880043426140535
477.9055391161184,15.79266348188003,4.36904337987061
491.79213528592356,10.853629099164442,3.8329231710776703
496.1182834327534,16.035470318434093,4.816561503930722
476.8492692333606,19.125808465133815,5.35626261226054
490.60216311485135,13.39679824618189,6.532881894268751
469.0733772207481,16.790823751154864,1.0063948127193032
532.1214643378863,12.134623379720177,3.4597942805711837
499.8358168659425,19.18762166620482,9.33124752199285
523.0334791768379,17.906454837580274,0.9627823680323734
496.73847286340174,19.494252427737894,4.932458176634332
481.6166228503515,14.024186074858036,0.38933779203722674
485.50402264281695,16.683282329396683,4.812070198632138
497.99662716169405,16.835124555619338,3.7617883958781384
534.9852800919612,14.563529135394564,3.291859654652903
503.6819496434708,11.901583530585171,4.678636329250709
488.1859289194504,12.878941340986893,0.08852471243539031
480.19553002874255,12.321945789999415,2.501893589871998
520.9982628922281,11.193537621765376,4.42377347008836
520.5132450767455,12.802990065625426,4.483603896869731
493.9875961092115,13.785281076404782,8.533475294250776
487.04995675686564,17.116477923396314,8.952234269862915
487.8384778519651,11.793787286060079,0.08822571481161795
488.0532195994353,13.471346201323254,0.9297446525205639
500.77796573602654,12.418917827674498,3.068945971494226
505.6036714872271,17.483282503614856,1.831782120785154
471.3715523015447,18.761819467398688,5.1939892526794935
507.1627662309812,10.70147651608053,4.110221593968643
477.29674314888405,11.908756466902148,3.6701611656546818
493.2982172327105,10.214462108027794,9.020127071015292
506.8424811679388,11.944318840533873,2.539379563287702
506.167257672166,10.806354298471426,2.098232220629306
511.05558839519955,11.015364502196897,1.3239868179726892
526.1829637803683,16.44806277259378,0.6672344766778406
529.5036613040497,13.666423017300454,2.239070609677836
520.7091718354853,19.858646365237437,16.94379656749294
533.8789657090379,18.95642467909397,4.36439551409182
496.6238034913838,13.001507125747766,6.956101209162925
447.51407839758315,13.408379623285686,2.812963953209884
508.0884777785251,14.11806608943997,0.21365065770036357
528.1242500520733,17.203571332077182,2.249687985319194
499.95555175478705,11.729415279190567,19.765818630103013
519.3581387006415,14.030839172568802,5.154196298743941
485.77437650940817,15.044303315481068,1.29979777330604
504.5564771920617,12.69817896617432,3.205581804902968
486.9533884867424,17.659363256427685,5.085240162650511
445.8869066149047,12.76552571446454,1.044589177997674
504.738818210627,17.073482425946587,4.1430877745349886
496.19049299733604,18.850568642249307,5.542485406332178
500.03906032659864,15.023525466421479,0.715716619989798
477.63865422966296,10.154037535467639,1.0526956811639514
498.0901897835426,16.40687895842039,1.9731282232620708
502.35504167696485,16.367957579556744,3.5654592044963507
528.4446151001931,10.875078876088919,9.382185012737095
516.5466690189262,18.603281673548416,0.14793933855439245
497.33245812747896,14.995936341898522,2.4161259205792036
508.1477035331436,16.11857938927695,3.9438691098072782
507.94145013496944,17.50151783578585,2.2935497511201435
543.1085335296375,18.011625489067313,3.215366467185012
481.99408463549673,10.165862188995185,2.5546692705277496
463.76300686858144,15.3181202904674,0.28918785390422735
506.7432300143326,16.01096735938686,23.91340745852037
503.4005284775538,11.424439092636439,5.9590909095261875
485.64931335840987,16.500591981618026,0.47332185668755294
469.7295150339729,18.045739275327904,0.19513546700060325
514.7362782493408,19.53339533321332,2.0468915155929905
515.8255076578196,14.37996871444131,13.908603792784543
479.95145186177376,11.901816040389875,5.287344384728659
506.318446377222,17.06790605113447,6.218073453723305
526.1399414324936,18.347727317980056,2.977283247417239
475.2453922170437,10.83379658104993,7.079571366433287
494.47781651580846,16.286404215316868,9.400510595146288
534.8060571078271,10.250530301471093,3.441836939430689
486.82722001861634,17.59722876285508,7.26808247553604
468.3713974253989,13.950718438187444,0.7177684944284664
521.3004541760789,17.39249963787757,2.216731784399168
505.2712170124927,14.110381082011589,1.9389065829760201
525.1489480587554,14.920078811653621,17.19996311720497
502.9637560395733,10.19180896662326,1.8286278466444583
505.3410076429581,18.219527818386233,20.385713111593017
503.3965331813177,16.407976925961226,6.993056443403822
498.76119534473855,14.66171778358484,2.96503623991367
534.6318042430995,11.745026633488084,2.0366802039076246
503.4192544835644,13.87217309246088,1.451715399035729
496.2976093447878,17.235657300199136,1.329969604519986
541.2872952706614,11.357366933061579,25.840500884576368
525.7411061950731,11.499246670979234,2.2492262121194178
521.5513470097169,11.645652176565749,3.1061220703192074
491.5854941732853,11.766328791299236,0.7809821952962535
518.0690684901547,13.340699495999779,19.58736954647757
482.9986559134809,17.47505087634357,4.039192425133328
485.84083790148804,12.897679702392013,1.0387803652902592
499.0306650895604,11.786619202502159,7.020029547399504
505.1888890000356,12.943939948538338,1.4322163531501733
499.510053341435,17.036551046527975,1.0914073583150796
506.6125836881174,11.625846802806027,5.2782814151050195
487.2491638218125,19.80895209683816,4.567788988587215
517.0784967565811,11.081975165514786,0.8610306904236218
476.39708790530676,16.786848039590563,0.14231427924177803
506.2267151599707,13.108912188618863,6.167658771840213
500.60484216653265,18.108022737473668,0.8908041674312406
493.67971028719825,16.89409613777024,0.6875694736858666
485.8637050066758,18.228602530429804,1.5708947833882234
476.51225803839236,18.471905829596665,1.8643839955471853
520.3797018387913,18.98256433773004,2.2832986240867985
541.5071597523242,11.612737940853608,1.702046874726748
464.10939772519424,18.137886775586438,2.6960961343913232
462.37854080304584,17.367117476404047,3.7485292734348015
502.23816206210125,14.602581456995377,1.2134602659427176
497.13885996756113,12.696829058048309,3.1004371632687517
508.63462476245303,18.584733603840682,10.23280442242853
494.0179074074388,12.257723616532077,0.055205050531512576
512.0325111864499,18.867520591910335,2.717871780805306
515.5779347190762,10.525847047180472,7.214057809052874
535.1168291913646,14.775619299737563,1.476273776520891
502.5005295131357,11.157394400083598,0.17510623480367743
518.668366908316,14.458094490284807,3.489721333414793
509.5521297767657,16.086577913023152,4.498544222748096
496.0901881666438,10.976225471185865,4.239561965828153
502.6434121957028,16.89218416062429,0.35576052242210826
554.2610148209711,16.44134685060218,13.240830820577237
515.0096082692435,18.265574412712674,18.91927420747208
542.3887184371162,10.117451656031843,12.393554069371822
526.6501062020963,12.696405865440356,3.7826760085187683
484.8241113659151,19.208581625280463,1.9350847562500897
500.04820559076614,10.811404422863674,4.378670835474832
479.51535870524174,17.76957053644982,0.7105912525307325
495.8754264583154,10.567807252113548,1.5456190336432178
508.8579548767798,14.76459093159201,8.744030149736378
492.99853162688333,18.09548361215851,4.87209580664901
475.06008796424527,12.468908592724565,1.5772401999026413
545.5180565340818,14.232703583149306,0.5519691265159004
476.1397600274736,18.236108637869847,5.029030737524275
484.5533138121274,19.192397111332205,0.3398891507251429
505.1388484741237,16.54787535020638,18.792845014935192
530.3456544752488,13.182752263505124,4.254213599298774
465.66833482057666,17.23445047076307,1.7339000182574285
476.60630065374,17.194518775376803,22.006841768824113
522.0537061009369,10.310451619246495,6.877892621788898
509.4643863435918,18.232168381913546,5.409914593840236
489.12973919758446,12.14374473321026,9.29073365753752
477.6087302453901,15.718659268537376,6.549272948869444
496.84209043921396,18.128780685304847,3.5681524141490946
494.60273102315614,14.480962579254516,3.784560873923564
505.8893945366192,17.837619590516024,0.15538411435601548
521.7774343433613,16.38270316418227,2.2122058941061087
474.8424440522365,18.880680597060355,7.426768318786698
528.9106686267627,16.751120909354704,4.233486521873207
491.948498295878,11.355010181729687,6.385414665971814
490.24459182477375,12.352623109146242,3.9361986935023072
491.2083215320317,15.677708706763992,2.229797602804256
483.80661646097946,16.80581810839183,14.417352669037767
537.9375864948621,10.830804664193282,2.4310294570095743
508.157542260055,12.106425620422897,1.9593761627148922
455.76519496565834,11.00592126007901,2.5533784646415594
559.446171247755,16.027741883243998,1.4022399066307618
508.69483763376746,14.449149150705631,7.077604176289363
492.13751014757565,16.677195724306788,0.5884313718972345
518.1292381309981,11.442683820674532,0.43593426574679417
496.32962220678314,10.763272611649189,6.74389436650809
499.3932700557774,16.95747314036322,2.214605553868119
503.01503777600664,18.31187734597515,1.3509309290145102
495.79436923643635,10.490142525669304,4.245806589676836
491.90190764752214,12.951061534958459,16.896057042349526
498.1824122378271,14.233587481871972,3.816653189558334
481.1420633361187,13.365592711264359,8.68406448092379
538.0685316013054,13.466101619281009,10.72424508232567
518.5723981290093,15.980004270940459,0.15578695841297283
507.41366198399027,15.953569956822,8.14706020555743
510.8025376887271,15.305932344370248,9.566197450570087
470.2460504092893,17.627399152864776,9.237014515395504
497.9129656201572,17.259854701316385,0.18743337596190313
511.19020279266374,11.181501655930576,2.7985797175404183
510.54022826385915,11.260074289269747,3.7968620506888917
526.5475967659102,18.365615341677128,4.3565920344265505
502.07335365672503,11.394873965021313,1.649045196045706
493.1683280149812,18.46185923911419,2.3170442033142993
514.8266477441172,10.298933221271167,0.0934504456412257
498.27625480904214,17.79407704119367,10.93306553797417
500.3358612727379,14.666994521973262,4.385600345432228
494.7048941605841,10.586346841490851,7.7322344943028956
515.0280264007902,16.366795536493502,8.06398866042153
492.80597613764616,15.440928394870138,0.7334721234434459
504.58708163712805,13.801296569486414,3.396773605426735
543.0474103966332,12.796741261202357,3.958104161611952
501.4181736538072,11.645162303822051,1.8479746146941733
510.4045245237217,16.62796165692597,5.228750232107725
504.9889681126538,15.44721490486268,1.601836421576205
497.55505357236115,13.16606808406103,4.453420245112289
479.42911024667177,19.68974646328528,0.6456589623013226
503.67304914914394,15.187754689651346,2.16826983123438
501.25856203824907,16.07371365166636,1.1202852119666338
475.4205264602555,11.282285245615268,0.9423821788063489
537.2325847325574,19.329875374720217,3.3893993863204397
466.06381448610534,17.477956947646717,17.00198431510351
469.3973702020537,15.367352388939896,0.22493503011803878
470.2274152037899,11.152916244659673,1.6050696698521039
469.16656906566106,11.753741454911657,6.06956419858114
517.913588977775,13.240243684265938,8.269984674781881
537.6922197164463,13.26518986670857,2.5380926773723766
482.7216197724552,14.08304005194924,4.129078421867137
491.099702918001,12.928619173977504,5.201135913053772
498.1860349922545,17.428605906425126,10.574488454667064
493.52542452718853,13.213301004540728,15.017376277002617
498.9567274648223,15.898515486796864,0.8913628480298748
505.4038119998522,18.11447840520892,8.723673147428155
479.7231587525475,12.489238780109787,1.5485760085950466
515.7041144622959,16.463248153576295,11.85881716244889
520.1751039527088,11.155694968215865,6.214049127264033
529.3953210169717,15.283419106946726,5.466640830795205
503.3009619089333,11.980640768922278,3.769731598455279
528.5703246432796,18.634809696818493,1.873090191015555
488.4380389459339,10.110629851670966,7.129331466660231
508.3841307816842,15.078624750061566,7.256953113502278
483.72828292506597,11.393177191894297,3.1418440116979984
513.6847139360664,13.979820118135502,0.28069076437107826
470.1732779041687,13.23302366335929,0.7691586663161147
481.7033987410324,11.451941042938321,8.763861160521916
456.0153472562813,13.434188428147861,9.442009820325142
498.73226414626913,10.600797960019811,2.676723335538062
494.4510262269947,10.8872719309289,3.4697522672960894
530.4471458371579,18.49445225359627,2.33237263901019
516.065334431755,16.048675933928983,1.0337289042349527
520.2941440933708,18.44726507155515,10.10811381653659
518.0841680776703,15.986613179261607,1.7923512978334588
470.1999258034075,19.209134063592547,9.071902612087065
507.2837663427839,19.075221234775846,5.540929365756773
488.17084945279197,12.86673568575769,1.1716087092401841
494.81956541909835,13.23554475931008,9.120978971414342
475.99393869686753,12.36354972363326,7.768983254094754
510.72795666659607,10.824880726183933,6.096294326862188
471.71834329126744,11.4997973366395,5.684797903153873
472.2568650077822,12.534995578980205,0.933811438047945
485.38290523648186,18.687210855736197,4.240165119640833
494.0004057267759,17.377835818921113,1.7060257366132048
525.1574097882519,10.38960780898298,5.217033140017619
488.23334740399685,18.443797730522697,12.845268454152572
522.8192880657266,16.772322608806306,3.6360246695946854
490.3154377171687,13.292775937413085,7.115798737934037
484.693768623146,12.72737869489951,1.2657576780222166
506.15668295339844,12.230365593288663,2.1755783649771354
487.78234065979353,10.090080727665882,0.11317821425096851
530.6159774690713,19.201527075109723,3.268106348459889
496.64762170152227,10.689376828629177,6.942066761594665
548.1378549411232,18.45781859803498,8.880084253239799
501.9377238262125,12.87525451233284,0.36509307076789393
474.0005630063146,11.075275815382897,2.8171842159749136
508.40356931177536,18.915236857969624,11.241005120912007
459.7772335652063,13.427963221819939,3.6717318966529393
477.10431702663743,14.48567730458604,1.674229894671237
472.7505769660369,18.473161101698,4.669241743836168
499.63778727107314,15.634808709077479,2.857861952703879
511.53329648416525,18.097742028659276,6.080903698526131
500.87248958240775,15.580772901687705,9.909845222451331
483.1922454751588,19.585994465805886,6.002479265993653
535.7784100892775,17.31354840353494,3.059373463764583
478.64112053241934,14.785985912233954,8.513337375155542
482.08038406948083,12.334486216354337,5.31271511882807
504.92182836485756,13.99885272497726,0.20707634676744788
494.50617761588876,14.370482448653082,1.1081527263217523
514.862107207477,19.705235082215083,3.5825908838620855
518.0637947970195,13.38390197947008,5.993663280398666
508.67022955734143,14.355126923896988,23.090697530999705
522.2067548122503,12.692062122445849,2.8650109379491475
516.1152850661829,11.174720302880079,13.647977076955858
523.4428934567349,11.991654852057641,2.662899332730806
454.5562598013976,14.999088879039588,7.105903234854495
492.7949524174675,17.09176612455776,0.781317812116845
519.1683311414457,14.385714338750958,7.766438274618008
493.9337169791029,13.473459232546679,6.832190667765147
504.71301594717187,15.846815413060046,9.981960565781932
450.634460150868,17.4775288170559,7.172976215507991
518.5965474728841,19.940689375589777,1.9149205621780798
495.010216695841,19.50158450038727,3.16063753330364
479.65352071632276,16.61616781315288,4.19062117931709
497.29628496554506,16.714242715966723,3.107755952859286
483.8385594952925,12.288010970297112,3.7296304386780927
465.0528278908407,15.475810448433094,3.654285467754308
448.36405884194056,14.546940695627987,0.6936799657611232
509.7400404590243,13.372819659192903,0.2378943311158764
495.00968414687514,17.565158671340882,3.5510908711664566
493.35734114351743,14.546098949372492,1.3546323771993545
482.15517370492296,10.97927825168581,9.526124884300287
473.2284259787212,14.774465349687624,17.766583973588908
489.9494394017016,12.072481210759737,14.38743182345846
479.00425532110137,13.711962724305131,4.61124540171089
472.4280579488736,19.168410689435323,0.30505904890353036
508.4618366738124,10.680666086510575,2.1226643203324205
484.20664252276026,17.820398671460037,0.5410446289009039
514.5915779234848,17.251008821395118,1.8921877871530703
487.8307428830866,17.029936560812914,3.211709815741287
507.6515603121833,10.93288905708188,1.235977995921468
528.2316828340345,18.628414333507557,5.428758634358336
504.31521965277574,13.359272394097465,0.8948878114029447
506.50784294023345,18.95823163474765,7.9614853164121655
484.71067881969265,16.24422967005385,12.261126365603936
493.4285978392894,17.6652258354395,6.386695038971666
476.38636656695803,15.173341821865419,0.20196443616258747
517.1351893391898,14.785623834658221,0.8370631058800758
503.0916041594077,16.048479740557973,2.476435558275136
469.4062635912049,14.459910727593037,6.817310268040431
499.6358262086519,17.247610529416555,23.698643487982622
507.85740778802284,16.93332640632847,1.7214792321631505
506.15957646293754,12.768066186658467,3.2826562838894398
509.8024198596833,14.989990348500797,1.3423739867402706
477.25393406279534,10.186688169607827,13.111955961976951
473.69740778730164,10.44897456038821,12.937699681859353
459.3425308676674,16.06679550084969,3.818600169705068
467.71533549513094,13.749297928824749,4.18423905573932
506.68817897742053,18.302346997925735,4.572011865272419
473.32774056227106,11.735862305791887,1.7064897484155765
482.32408028580505,14.588899987949013,7.048330538923976
497.094677341321,14.57915664437039,17.67464570278718
482.98281816369865,11.558763219515285,0.13128440663395413
509.35343818294166,17.002764901809716,0.1267375610812687
500.00732206938807,11.110606504421636,1.651353667111861
502.9304823310317,18.17106622866978,7.396350751872393
488.62968893806067,14.143401209836748,2.3766180152741394
